feature,min,max
left_elbow_angle,1.2096443755332786,165.49213964135959
right_elbow_angle,3.393251494372593,177.99597965466583
left_knee_angle,6.117515461093445,179.60116407490574
right_knee_angle,1.272662290119817,179.79684547956677
left_ankle_dorsiflexion,1.2401984857384165,175.1094342478028
right_ankle_dorsiflexion,1.9494711536231732,179.15592676364693
neck_tilt,123.88667113582059,179.73489378250656
torso_tilt,175.82964926109054,179.9774879830402
