feature,min,max
left_elbow_angle,1.1963854282396347,165.49483144912983
right_elbow_angle,3.3866779776212783,178.00199791929825
left_knee_angle,6.095469701649615,179.88568502878354
right_knee_angle,1.243774013686384,179.99019869604336
left_ankle_dorsiflexion,1.1343570029672818,175.1284003967375
right_ankle_dorsiflexion,1.9110197194099015,179.22640516738483
neck_tilt,123.88667113582059,179.73489378250656
torso_tilt,0.02251201695978907,4.170350738909477
